{"stats":{"minecraft:used":{"minecraft:red_carpet":414,"minecraft:stone":335,"minecraft:acacia_planks":5,"minecraft:red_tulip":2,"minecraft:acacia_sign":1,"minecraft:red_wool":1},"minecraft:custom":{"minecraft:jump":27,"minecraft:time_since_rest":93,"minecraft:damage_dealt":10,"minecraft:damage_taken":240,"minecraft:crouch_one_cm":155,"minecraft:leave_game":5,"minecraft:play_time":21479,"minecraft:sprint_one_cm":23672,"minecraft:time_since_death":70,"minecraft:walk_one_cm":47017,"minecraft:deaths":2,"minecraft:sneak_time":586,"minecraft:total_world_time":25236,"minecraft:fly_one_cm":114254}},"DataVersion":2730}